id,kind,keywords,descriptor,value,artifact_id,source,run_id,goal_id,confidence,created_at,expiry_date,should_store
87c0c576-203f-468e-a3d4-e07a5a3c412d,tool_outcome,"[""web_search""]","Tool 'web_search' executed: {
  ""title"": ""Asyncio best practices - Async-SIG - Discussions on Python.org"",
  ""url"": ""https://discuss.python.org/t/asyncio-best-practices/12576"",
  ""snippet"": ""Dec 16, 2021 ... Asyncio best practic","{""tool_name"": ""web_search"", ""arguments"": {""query"": ""Python asyncio best practices""}, ""result"": ""{\n  \""title\"": \""Asyncio best practices - Async-SIG - Discussions on Python.org\"",\n  \""url\"": \""https://discuss.python.org/t/asyncio-best-practices/12576\"",\n  \""snippet\"": \""Dec 16, 2021 ... Asyncio best practices \u00b7 1)async/await usage \u00b7 2) Do not create functions with long running loops \u00b7 3) using tasks. I think using tasks is the ...\""\n}\n{\n  \""title\"": \""Python's asyncio: A Hands-On Walkthrough\"",\n  \""url\"": \""https://realpython.com/async-io-python/\"",\n  \""snippet\"": \""Jul 30, 2025 ... Python's asyncio library enables you to write concurrent code using the async and await keywords. The core building blocks of async I/O in ...\""\n}\n{\n  \""title\"": \""Python Asyncio: The Complete Guide - Reddit\"",\n  \""url\"": \""https://www.reddit.com/r/Python/comments/yqrr94/python_asyncio_the_complete_guide/\"",\n  \""snippet\"": \""Nov 9, 2022 ... Comparison of gevent and asyncio in Python. Project ideas for Python async programming. Best practices for Python code optimization. How to ...\""\n}\n{\n  \""title\"": \""Asyncio Best Practices and Common Pitfalls - Shane's Personal Blog\"",\n  \""url\"": \""https://www.shanechang.com/p/python-asyncio-best-practices-pitfalls/\"",\n  \""snippet\"": \""Best Practices \u00b7 1. Use asyncio.run() as Your Main Entry Point \u00b7 2. Prefer Async Context Managers \u00b7 3. Always Await Coroutines \u00b7 4. Handle Cancellation Gracefully.\""\n}\n{\n  \""title\"": \""Python Asyncio Part 1 \u2013 Basic Concepts and Patterns\"",\n  \""url\"": \""https://bbc.github.io/cloudfit-public-docs/asyncio/asyncio-part-1.html\"",\n  \""snippet\"": \""Python has had the capability to allow this execution model for some time in the form of Generators, but asyncio adds a new type of coroutine, which allows a ...\""\n}""}",,action,958261143ae6424fba29c4552da4fa8c,g::1,1.0,2026-06-03T19:16:59.364285,,True
27e7cd7f-0be2-499b-a907-8fcc6d77199a,tool_outcome,"[""fetch_url""]","Tool 'fetch_url' executed: [artifact art:47feed47bc85, 6569 bytes] preview: {   ""status"": 200,   ""content_type"": ""text/markdown"",   ""length_bytes"": 6379,   ""text"": ""[ Skip to main content ](https://discuss.python.org/t/asyncio-","{""tool_name"": ""fetch_url"", ""arguments"": {""url"": ""https://discuss.python.org/t/asyncio-best-practices/12576""}, ""result"": ""[artifact art:47feed47bc85, 6569 bytes] preview: {   \""status\"": 200,   \""content_type\"": \""text/markdown\"",   \""length_bytes\"": 6379,   \""text\"": \""[ Skip to main content ](https://discuss.python.org/t/asyncio-best-practices/12576#main-container)\\n[ ![Discuss...""}",art:47feed47bc85,action,958261143ae6424fba29c4552da4fa8c,g::2,1.0,2026-06-03T19:17:36.747505,,True
167bb888-34f3-4aac-8da0-b84b7b4f4e13,tool_outcome,"[""fetch_url""]","Tool 'fetch_url' executed: [artifact art:dad789418a66, 78747 bytes] preview: {   ""status"": 200,   ""content_type"": ""text/markdown"",   ""length_bytes"": 77417,   ""text"": ""[ ![Real Python](https://realpython.com/static/real-python-l","{""tool_name"": ""fetch_url"", ""arguments"": {""url"": ""https://realpython.com/async-io-python/""}, ""result"": ""[artifact art:dad789418a66, 78747 bytes] preview: {   \""status\"": 200,   \""content_type\"": \""text/markdown\"",   \""length_bytes\"": 77417,   \""text\"": \""[ ![Real Python](https://realpython.com/static/real-python-logo.893c30edea53.svg) ](https://realpython.com/)\\n...""}",art:dad789418a66,action,958261143ae6424fba29c4552da4fa8c,g::3,1.0,2026-06-03T19:18:25.408570,,True
16428726-f9e0-4486-8b30-239b52aa84f1,tool_outcome,"[""fetch_url""]","Tool 'fetch_url' executed: Error executing tool fetch_url: 1 validation error for fetch_urlArguments
url
  Field required [type=missing, input_value={}, input_type=dict]
    For further information visit https://errors.pydantic","{""tool_name"": ""fetch_url"", ""arguments"": {}, ""result"": ""Error executing tool fetch_url: 1 validation error for fetch_urlArguments\nurl\n  Field required [type=missing, input_value={}, input_type=dict]\n    For further information visit https://errors.pydantic.dev/2.13/v/missing""}",,action,958261143ae6424fba29c4552da4fa8c,g::4,1.0,2026-06-03T19:19:38.420901,,True
